{
  "window": 21,
  "r_prob": 0.9924891100002482,
  "mae_prob": 0.02058873139321804,
  "sbc_ks": 0.11833333333333329,
  "post_sd_logit": 0.14124146103858948
}