{
  "window": 11,
  "r_prob": 0.9456765518459201,
  "mae_prob": 0.05321839079260826,
  "sbc_ks": 0.05166666666666675,
  "post_sd_logit": 0.3645666539669037
}