{
  "window": 31,
  "r_prob": 0.9983825400354146,
  "mae_prob": 0.011393925175070763,
  "sbc_ks": 0.14583333333333331,
  "post_sd_logit": 0.07238414138555527
}