{
  "window": 7,
  "r_prob": 0.8730449551913537,
  "mae_prob": 0.08380722254514694,
  "sbc_ks": 0.06333333333333332,
  "post_sd_logit": 0.5849016308784485
}