{
  "setting": "held_out_simulated",
  "n_chains": 500,
  "n_residues": 125311,
  "num_samples": 50,
  "auc_bf": 0.7974007006477898,
  "auc_fb": 0.7982320751465829,
  "acc_bf": 0.76030037267279,
  "acc_fb": 0.7604041145629673,
  "baseline": 0.6744978493508151,
  "corr_bf_fb": 0.9984235017092082,
  "mae_bf_fb": 0.007919817708648339
}