{
  "pdb": "1MSO",
  "num_samples": 50,
  "chains": [
    {
      "code": "A",
      "len": 21,
      "helix": 12,
      "auc_bf": 0.5185185185185186,
      "auc_fb": 0.5092592592592593,
      "ci_lo": 0.2403846153846154,
      "ci_hi": 0.7818181818181819,
      "acc_bf": 0.42857142857142855,
      "acc_fb": 0.42857142857142855,
      "baseline": 0.5714285714285714
    },
    {
      "code": "C",
      "len": 21,
      "helix": 9,
      "auc_bf": 0.6018518518518519,
      "auc_fb": 0.5740740740740741,
      "ci_lo": 0.318159965034965,
      "ci_hi": 0.846938775510204,
      "acc_bf": 0.5714285714285714,
      "acc_fb": 0.5714285714285714,
      "baseline": 0.5714285714285714
    },
    {
      "code": "B",
      "len": 30,
      "helix": 11,
      "auc_bf": 0.9808612440191387,
      "auc_fb": 0.985645933014354,
      "ci_lo": 0.9282296650717703,
      "ci_hi": 1.0,
      "acc_bf": 0.6333333333333333,
      "acc_fb": 0.6333333333333333,
      "baseline": 0.6333333333333333
    },
    {
      "code": "D",
      "len": 30,
      "helix": 11,
      "auc_bf": 0.9808612440191387,
      "auc_fb": 0.985645933014354,
      "ci_lo": 0.9282296650717703,
      "ci_hi": 1.0,
      "acc_bf": 0.6333333333333333,
      "acc_fb": 0.6333333333333333,
      "baseline": 0.6333333333333333
    }
  ]
}