{
  "window": 15,
  "r_prob": 0.9756948516455717,
  "mae_prob": 0.03575171157717705,
  "sbc_ks": 0.046666666666666676,
  "post_sd_logit": 0.22884778678417206
}